model,dataset,ROC-AUC,PR-AUC,Accuracy,Mean EPR (Correct),Mean EPR (Incorrect)
google/gemma-3-1b-it,movies,0.49279999999999996,0.5348296026501647,0.5933333333333334,0.19652115282379692,0.24109953931348674
