model,dataset,ROC-AUC,PR-AUC,Accuracy,Mean EPR (Correct),Mean EPR (Incorrect)
microsoft/Phi-1_5,toxic,0.42293333333333333,0.4386256184828252,0.5066666666666667,1.5333807953930199,1.4735488701015091
