model,dataset,ROC-AUC,PR-AUC,Accuracy,Mean EPR (Correct),Mean EPR (Incorrect)
microsoft/Phi-1_5,movies,0.5384888888888889,0.510104750145305,0.5333333333333333,1.5807134940558378,1.6084245170619256
